-- phpMyAdmin SQL Dump
-- version 5.2.1
-- https://www.phpmyadmin.net/
--
-- Host: 127.0.0.1
-- Generation Time: May 09, 2024 at 06:45 AM
-- Server version: 10.4.32-MariaDB
-- PHP Version: 8.2.12

SET SQL_MODE = "NO_AUTO_VALUE_ON_ZERO";
START TRANSACTION;
SET time_zone = "+00:00";


/*!40101 SET @OLD_CHARACTER_SET_CLIENT=@@CHARACTER_SET_CLIENT */;
/*!40101 SET @OLD_CHARACTER_SET_RESULTS=@@CHARACTER_SET_RESULTS */;
/*!40101 SET @OLD_COLLATION_CONNECTION=@@COLLATION_CONNECTION */;
/*!40101 SET NAMES utf8mb4 */;

--
-- Database: `travel`
--

-- --------------------------------------------------------

--
-- Table structure for table `admin`
--

CREATE TABLE `admin` (
  `username` varchar(60) NOT NULL,
  `password` varchar(60) NOT NULL
) ENGINE=InnoDB DEFAULT CHARSET=utf8mb4 COLLATE=utf8mb4_general_ci;

--
-- Dumping data for table `admin`
--

INSERT INTO `admin` (`username`, `password`) VALUES
('admin', 'kepoya');

-- --------------------------------------------------------

--
-- Table structure for table `book_form`
--

CREATE TABLE `book_form` (
  `id_book` int(11) NOT NULL,
  `email` varchar(60) NOT NULL,
  `id_paket` int(11) NOT NULL,
  `orang` int(11) NOT NULL,
  `tanggal_liburan` date NOT NULL,
  `total_harga` bigint(20) NOT NULL,
  `status_pembayaran` varchar(60) NOT NULL DEFAULT 'Belum Dibayar'
) ENGINE=InnoDB DEFAULT CHARSET=utf8mb4 COLLATE=utf8mb4_general_ci;

--
-- Dumping data for table `book_form`
--

INSERT INTO `book_form` (`id_book`, `email`, `id_paket`, `orang`, `tanggal_liburan`, `total_harga`, `status_pembayaran`) VALUES
(1, 'hafiz@gmail.com', 1, 2, '2024-05-17', 5598000, 'sudah dibayar'),
(2, 'ilyasa@gmail.com', 2, 1, '2024-05-18', 2400000, 'sudah dibayar');

-- --------------------------------------------------------

--
-- Table structure for table `contact`
--

CREATE TABLE `contact` (
  `id_pesan` int(11) NOT NULL,
  `email` varchar(60) NOT NULL,
  `pesan` text NOT NULL
) ENGINE=InnoDB DEFAULT CHARSET=utf8mb4 COLLATE=utf8mb4_general_ci;

--
-- Dumping data for table `contact`
--

INSERT INTO `contact` (`id_pesan`, `email`, `pesan`) VALUES
(1, 'halo@gmail.com', 'Pelayanan sangat bagus');

-- --------------------------------------------------------

--
-- Table structure for table `itinerary`
--

CREATE TABLE `itinerary` (
  `id_paket` int(11) NOT NULL,
  `hari` varchar(60) NOT NULL,
  `rincian` text NOT NULL
) ENGINE=InnoDB DEFAULT CHARSET=utf8mb4 COLLATE=utf8mb4_general_ci;

--
-- Dumping data for table `itinerary`
--

INSERT INTO `itinerary` (`id_paket`, `hari`, `rincian`) VALUES
(1, '1', 'Tiba Komodo airport, anda akan langsung dijemput oleh guide untuk langsung diajak makan siang di local restaurant. Setelah makan siang, acara dilanjutkan untuk mengunjungi Goa Batu Cermin, Bukit Waringin, Bukit Sylvia. Dilanjutkan menuju hotel untuk check in dan beristirahat. Makan malam di lokal restoran.'),
(1, '2', 'Makan pagi (box), dijemput menuju dermaga untuk menggunakan speedboat sharing tour Komodo. Mengunjungi Pulau Padar, trekking 818 anak tangga melihat pemandangan yang spektakuler. Lanjut ke Pinck Beach untuk snorkeling dan berfoto. Trekking di Pulau Komodo melihat hewan purba yang masih hidup hingga sekarang dan satu-satunya yang terdapat di kepulauan ini. (catatan: karena Taman Nasional Komodo bukan kebun binatang, maka tidak ada jaminan dapay melihat hewan langka ini). Makan siang (box). Menuju Taka Makassar untuk berfoto dan berenang. Menuju Manta Point (tidak ada jaminan pasti melihat ikan manta). Pulau Kanawa untuk snorkeling. Kembali ke hotel dan acara bebas.\r\n'),
(1, '3', 'Makan pagi dikapal , hari ini anda akan memiliki waktu bebas yang bisa anda gunakan untuk menikmati fasilitas hotel, bermain di Pantai atau bisa berbelanja oleh oleh/souvenir di Kadobajo. Setelah selesai menunju Labuan Bajo dan diantar menuju bandara untuk kembali ke kota asal.'),
(2, '1', 'Setibanya di Bandara International Sam Ratulangi Manado, seluruh peserta tour akan dijemput oleh pemandu wisata dan langsung memulai tour di kota Manado dengan City Tour : menuju pusat kota Manado, Kawasan Pecinan, Klenteng Ban Hin Kiong (Klenteng tertua di Manado yang dibangun pada abad ke-18, berumur ±300 tahun), melewati Gereja Sentrum (Gereja Protestan pertama di Sulawesi Utara peninggalan zaman Belanda) dan Monumen Perang Dunia ke II (bukti kehancuran kota Manado tahun 1942 oleh serdadu-serdadu Jepang). Setelah itu waktunya Makan siang di sajikan di Lokal Restaurant, selesai makan siang menuju ke MAKATETE HILL terletak di atas puncak ketinggian 200M diatas permukaan laut, kita bisa menyaksikan pemandangan kota Manado, hamparan lautan luas, Pulau Manado Tua, Pulau Bunaken, Pulau Siladen serta pemandangan gunung Klabat, gunung tertinggi di Sulawesi Utara. Sore hari menuju ke Malalayang Beach Walk – Destinasi wisata yang baru di renovasi. Disini terdapat banyak spot foto menarik dengan latar Pulau Bunaken & Pulau Manado Tua, selain itu kita juga bisa menikmati pisang goreng dengan sambal ikan roa & kelapa muda (Optional). Pelayanan makan malam disediakan di lokal restoran. Setelah makan malam, diantar ke hotel untuk proses check in.'),
(2, '2', 'Selesai sarapan di hotel, peserta tour akan dijemput oleh pemandu wisata. Menuju ke dermaga Marina dengan boat perjalanan kurang lebih 30 menit, kita akan mengunjungi Taman Laut Bunaken dengan keindahan terumbu karang dan ribuan jenis ikan beraneka warna di seputar Pulau Bunaken. Pulau Bunaken kini tampil dengan wajah barunya yang lebih menawan & representatif yaitu Dermaga Wisata Bunaken, disini kita bisa mengabadikan momen foto-foto dengan keluarga/teman, setelah itu kita akan menikmati keindahan taman laut Bunaken dengan menggunakan Glass Bottom Boat, dan yang berminat snorkeling / Diving (Optional) kita dapat berenang sambil memberi makan ikan-ikan langsung dari tangan kita. Makan Siang tersedia di pulau Bunaken, selesai makan siang acara bebas bisa jalan-jalan untuk menikmati suasana pantai Bunaken atau belanja souvenir khas bunaken, diberikan kesempatan lagi jika ada peserta yang ingin melanjutkan sesi ke-2 Snorkeling / Diving dengan Biaya Optional. Sore hari setelah selesai tour Bunaken kembali ke kota Manado kita bisa menuju toko souvenir untuk berbelanja oleh oleh atau langsung menuju ke restaurant untuk makan malam. Pelayanan makan malam akan disediakan di lokal restaurant. Kembali ke hotel untuk istirahat.'),
(2, '3', 'Selesai sarapan di hotel, check-out, selanjutnya langsung menuju bandara untuk transfer out. Tour selesai, Terima kasih'),
(3, '1', '11.00 – 20.00 Penjemputan di airport Malang, Perjalanan ke Gunung Ijen - Transit makan malam di perjalanan, 20.00 – 02.00 Tiba di Paltuding, istirahat di homestay'),
(3, '2', '02.00 – 04.30 trekking menuju puncak Gunung Ijen, 04.30 – 06.00 menikmati matahari terbit. Jika beruntung bisa lihat blue fire, 06.00 – 08.30 kembali ke homestay, 08.30 – 10.30 sarapan & bersih bersih, 10.30 – 19.00 perjalanan kembali ke kota Malang - Transit makan siang di perjalanan, 19.00 – Tiba di hotel di airport Surabaya. Tour selesai'),
(4, '1', 'Peserta tour akan di jemput oleh perwakilan Travel di Bandara Internasional Sultan Iskandar Muda, tour menuju Kuburan Massal tsunami di Desa Siron Lambaro untuk berdoa maupun mengenang bencana tsunami 2004 yang begitu dahsyat. Menuju Musuem Aceh, Selanjutnya para tamu makan siang di Restoran lokal setempat. Check in Hotel, Menuju Museum Tsnuami dan PLTD APUNG. Menuju Masjid Raya Baiturrahman dan Kapal Sangkut di atas Rumah. Makan malam restoran local. Dilanjutkan berbelanja di Toko Souvenir. menuju hotel, Acara bebas (Itenary menyesuaikan dengan flight kedatangan Hari)'),
(4, '2', 'Setelah sarapan perjalanan menuju Pelabuhan Ulee Lheu Banda Aceh untuk penyebrangan menuju ke Pelabuhan Balohan Sabang. Tour menuju (Benteng Jepang, Pantai Ujong Kareung, Pantai Sumur Tiga). Makan siang di Restoran local, peserta tour menuju pantai teupin layeun iboih. Menyeberang ke Pulau Rubiah untuk Snorkling atau Diving. Menuju KM 0 Indonesia bagian Barat. Makan malam di Restoran Lokal, kembali ke penginapan. Acara bebas.\r\n'),
(4, '3', 'Setelah sarapan pagi check out hotel, menuju pelabuhan balohan sabang untuk kembali ke Banda Aceh (kapal pukul 08.00 wib). Pengantaran menuju Bandara Internasional Sultan Iskandar Muda. End of programs tours Banda Aceh – Sabang.'),
(5, '1', 'Setibanya di Bandara Internasional Ngurah Rai Denpasar, Anda akan dijemput oleh perwakilan kami dan selanjutnya diantarkan menuju ke hotel untuk check in dan acara bebas.'),
(5, '2', 'Setelah makan pagi di hotel, Anda akan dijemput oleh pemandu wisata, dan kemudian Anda akan diajak berkunjung ke ALAS HARUM DI Tegalalang termasuk Swing , dilanjutkan menuju ke Kintamani untuk melihat keindahan pemandangan Gunung & Danau Batur. Kemudian anda akan diantarkan menuju ke UBUD Centre menikmati dan juga berbelanja berbagai benda seni di Pasar Seni Ubud. Makan siang & malam di restoran lokal. Kembali ke hotel setelah makan malam.\r\n'),
(5, '3', 'Setelah makan pagi di hotel, Anda akan dijemput oleh pemandu wisata, dan kemudian Anda akan diajak melihat keindahan pemandangan Danau Beratan dan Kemegahan Pura Ulun Danu dan mengunjungi Taman Bunga dengan ragam Bunga nan indah, The Blooms Garden. Sore hari menuju ke kawasan Tanah Lot untuk melihat kemegahan Pura Tanah Lot dan keindahan matahari terbenam di ufuk barat Samudera Hindia.\r\n'),
(5, '4', 'Setelah makan pagi dihotel, Anda akan diantar menuju Bandara / extend dengan pengaturan masing- masing. Hari ini tiba dikota tujuan dengan penuh kenangan yang indah. Kami mengucapkan terima kasih atas partisipasi Anda dalam program perjalanan wisata bersama kami.'),
(6, '1', 'Penjemputan di airport Malang,, lalu menyusuri kota Malang mengunjungi kampung warna warni, kampung tridi, Tugu, Alun-alun, Kawasan Ijen Boulevard. Setelah makan siang kita wisata petik apel, bebas makan apel sepuasnya langsung dari pohon. terakhir check in hotel. Tengah malam berangkat ke Bromo.\r\n'),
(6, '2', 'Sekitar pukul 00.00 kita berangkat menuju Bromo. Tiba di Tosari berganti kendaraan dengan Jeep adventure tour di mulai dengan menikmati indahnya matahari terbit, menyusuri lautan pasir, naik tangga gunung Bromo, mengunjungi savana, bukit teletubbies dan pasir berbisik. Kembali ke Malang dan makan siang di restaurant. Selanjutnya mengunjungi Museum Angkut, sebuah museum transport yang dipadukan. Museum Angkut merupakan museum transportasi modern pertama di Indonesia. Memadukan unsur seni dan budaya yang mengusung konsep pendidikan dan hiburan terakhir kembali ke hotel.'),
(6, '3', 'Setelah makan pagi di hotel dan check out. Anda akan diantar ke pusat oleh – oleh khas Malang. Setelah itu dianatar ke airport atau stasiun. Tour selesai.'),
(7, '1', 'Pick up Stasiun Tugu Jogjakarta/Bandara YIA – Trip diawali visit ke Candi Borobudur – Makan siang di lokal resto – Trip dilanjutkan visit Lava Tour Merapi – Check in hotel free program (bisa jalan-jalan ke malioboro) – Makan malam kami sajikan di Hotel.'),
(7, '2', 'Setelah sarapan pagi di hotel persiapan check out hotel – Dilanjutkan visit ke Kraton Kasultanan Jogjakarta – Wisata belanja Oleh-Oleh – Makan siang di Lokal Resto – Trip dilanjutkan visit Hutan Pinus Mangunan dan Songgo Langit Seribu Batu – Transfer out ke Bandara YIA/Stasiun Tugu Jogjakarta.'),
(8, '1', 'Setibanya di Bandara Hang Nadim Batam, menuju Pelabuhan Punggur. Menyebrang Batam – Bitan (30 menit). Tiba di Bintan, mengunjungi Sleeping Buddha, tour Gurun Pasir Danau Biru. Makan siang di lokal restaurant. Menuju Pantai Lagoi Bay Bintan, tour treasure Bay Bintan. Check in hotel. Makan malam di lokal restaurant. Waktu bebas.'),
(8, '2', 'Makan pagi di hotel, menikmati fasilitas hotel. Menuju Pelabuhan. Makan siang di lokal restaurant. Peyebrangan Bintan – Batam (30 menit). Tour Batam – menuju Jembatan Barelang. Tour welcome Batam. Tour Promade Batam Harbourbay. Menuju hote, check in dan acara bebas.\r\n'),
(8, '3', 'Setelah makan pagi, check out, belanja oleh – oleh. Anda akan di jemput dan diantat ke bandara Hang Nadim Batam untuk kembali ke Kota asal. Tour selesai'),
(9, '1', '07.00 – 09.00 Perjalanan menuju Tumpaksewu, 09.00 – 14.00 Trekking dan menikmati indahnya air terjun tampaksewu, spot panorama, gua tetes, 14.00 – 16.30 Perjalanan kembali ke hotel, 16.30 Tiba di hotel Malang, tour selesai,'),
(10, '1', 'Penjemputan di lokasi yang telah disepakati oleh pihak travel dilakukan pada pukul 08.00, diikuti dengan perjalanan menuju Jatim Park 1 menggunakan transportasi yang telah disediakan. Selama di Jatim Park 1 dari pukul 09.00 hingga 12.00, wisatawan dapat menikmati berbagai wahana dan atraksi, mengunjungi museum seperti Museum Satwa atau Museum Tubuh Manusia, serta menonton pertunjukan satwa atau pameran interaktif. Makan siang tersedia di area Jatim Park 1 pada pukul 12.00, di mana wisatawan dapat menikmati hidangan yang telah disiapkan sambil bersantap bersama rombongan. Setelah itu, dari pukul 13.00 hingga 15.00, wisatawan dapat melanjutkan eksplorasi, bermain di wahana-wahana yang menarik minat, dan menikmati pertunjukan yang belum sempat ditonton sebelumnya. Selanjutnya, pada pukul 15.00 hingga 17.00, wisatawan dapat membeli oleh-oleh khas Malang atau Jawa Timur di sekitar Jatim Park 1 sesuai dengan budgetnya. Kembali ke penginapan dilakukan pada pukul 17.00 - 18.00 dengan transportasi yang telah disediakan oleh pihak travel, di mana wisatawan dapat istirahat sejenak dan bersiap-siap untuk malam hari.'),
(11, '1', '- Penjemputan di Bandara - Tour Masjid Agung Natuna (Geopark) - Check in Natuna Dive Resort atau setaraf'),
(11, '2', '- Makan pagi - Tour Tanjung Datuk (Geopark), Pantai Tanjung, Alif Stone Park (Geopark) - Island Tour : Pulau Senua - Makan siang dan Makan malam di lokal restoran'),
(11, '3', '- Makan pagi - Batu kasha, Pulau Lampa, Selat Lampa, Island tour : Pulau Setanau - Makan siang dan Makan malam di lokal restoran'),
(11, '4', 'Setelah makan pagi. Anda akan di jemput dan diantaR ke Bandara untuk kembali ke Kota asal. Tour selesai'),
(12, '1', 'Penjemputan dilakukan oleh pihak travel pada pukul 08.00 di lokasi yang telah disepakati, diikuti dengan perjalanan menuju Dufan menggunakan transportasi yang telah disediakan. Selama di Dufan dari pukul 09.00 hingga 12.00, wisatawan dapat menikmati berbagai atraksi dan wahana, serta pertunjukan yang tersedia. Makan siang disediakan oleh pihak travel pada pukul 12.00 di dalam area Dufan, diikuti dengan melanjutkan eksplorasi dari pukul 13.00 hingga 15.00. Belanja merchandise dan snack dilakukan pada pukul 15.00 - 17.00 sebelum kembali ke penginapan menggunakan transportasi yang telah disediakan pada pukul 17.00 - 18.00, di mana wisatawan dapat istirahat dan bersantai setelah seharian beraktivitas di Dufan.'),
(13, '1', '12.00 – 20.00 Penjemputan di airport Malang - Perjalanan ke Gunung Ijen - Transit makan malam di perjalanan, 20.00 – 02.00 Tiba di hotel di Bondowoso, istirahat'),
(13, '2', '02.00 – 04.30 trekking menuju puncak Gunung Ijen, 04.30 – 06.00 menikmati matahari terbit. Jika beruntung bisa lihat blue fire, 06.00 – 08.00 trekking kembali ke hotel, 08.00 – 10.00 perjalanan ke hotel, 10.00 – 12.00 sarapan & bersih bersih, 12.00 – 16.00 perjalanan ke Bromo. Transit makan siang di perjalanan, 16.00 – 19.00 Tiba di hotel di Bromo, menikmati suasana sore pegunungan. Makan malam, 19.00 istirahat,'),
(13, '3', '02.00 – 03.00 perjalanan ke Penanjakan atau Bukit Cinta Bromo, 03.00 – 05.00 menikmati sun rise, 05.00 – 08.30 menyusuri lautan pasir, savanna, bukit Teletubbies, pasir berbisik, 08.30 – 09.30 kembali ke hotel, 09.30 – 12.00 sarapan, bersih bersih, check out, 12.00 – 16.00 perjalanan ke airport Surabaya - Transit makan siang di perjalanan, 16.00 tiba di airport, tour selesai'),
(14, '1', 'Selamat datang di Negeri Laskar Pelangi. Setibanya anda di Airport H.As Hanandjoeddin Tanjungpandan anda akan dijemput oleh team kami dan akan langsung diantar untuk menikmati Mie Belitung dan Es Jeruk Kunci sebagai Welcome Meals. Tour dimulai dengan mengunjungi Belitung Timur dengan estimasi perjalanan + 60 menit dari pusat kota Tanjung Pandan. Di Belitung Timur anda akan mengunjungi Replika SD Muhammadiyah (SD Laskar Pelangi), Museum Kata Andrea Hirata (Photo Stop), Rumah Ahok(Fifi)/Galeri Batik Belitung, Mengunjungi Vihara Dewi Kwan Im, mengunjungi Pantai Burung Mandi, Kembali ke Kota Tanjung Pandan dengan estimasi perjalanan + 120Menit. Sebelum kembali ke hotel anda akan diajak untuk menikmati makan malam di restoran lokal, setelah makan malam, menuju ke hotel untuk Check-In Istirahat.'),
(14, '2', 'Hari ini Anda diharapkan menggunakan Kostum Pantai , karena Anda akan diajak explore Pulau Pulau yang indah dengan menggunakan kapal boat tradisional, kita akan ke Pantai Tanjung Kelayang Kemudian menuju Batu Burung Garuda – (Photo Stop).Pulau Lengkuas yang terdapat mercusuar peninggalan Belanda yang berdiri sejak tahun 1882, Anda bisa memandang indahnya laut dan hamparan bebatuan dari bangunan berlantai 18 lantai ini. Selanjutnya kita akan menuju spot snorkeling untuk menikmati keindahan alam bawah laut yang akan dipandu oleh tour guide kami. Dilanjutkan ke Pulau Kepayang untuk makan siang dan istirahat sejenak. Lanjut lagi mengunjungi Pulau Pasir yang terdapat banyak bintang laut( Keberadaan pulau ini tergantung kondisi pasang surut air laut ), Pulau Batu Berlayar yang berada di tengah laut dengan susunan bebatuan granit yang menyerupai layar kapal.Kembali ke pantai Tanjung kelayang.Menuju Ke Pantai Tanjung Tinggi yang merupakan Lokasi Syuting Laskar Pelangi Dengan menikmati suasana jernihnya air di antara bebatuan yang besar dan tinggi berkeliling dengan Paddle sambil menunggu sunset , Tentunya Anda masih mempunyai kesempatan untuk berbelanja oleh-oleh khas Belitung.\r\n'),
(14, '3', 'Hari ini setelah sarapan dan check out hotel , dalam perjalanan menuju Airport jika waktu memungkinkan Anda masih bisa Photo Stop di Bundaran Satam / Titik Nol KM Belitung. Rumah Adat Belitung ( Disini anda bisa Photo menggunakan baju adat Belitung, additional : Rp 25.000/pax / 1 x Pakai). Kemudian menuju Danau Biru (Danau Kaolin) yaitu eks tambang kaolin dan terdapat tumpukan pasir putih yang sangat menarik.Setelah tiba di airport maka berakhirlah acara tour kita kali ini. Terima kasih dan sampai jumpa pada Program Tour kami yang lainnya.'),
(15, '1', 'Penjemputan di airport Malang. Wisata Petik Apel, bebas makan apel sepuasnya Makan siang disiapkan di local restaurant. Mengunjungi Taman Bunga Selecta. Early dinner, check in hotel. Tengah malam menuju Gunung Bromo.'),
(15, '2', 'Jam 00.00 berangkat menuju Gunung Bromo, perjalanan sekitar 2,5 jam Naik jeep di rest area, adventure by jeep Menikmati sunrise, berfoto - foto di Widodaren, menyusuri lautan pasir, savanna, bukit Teletubbies, pasir berbisik Kembali ke rest area, naik mobil menuju ke Batu Malang. Makan siang di local resto. Mengunjungi Museum Angkut. Setelah makan malam, kembali ke hotel.'),
(15, '3', 'Menikmati sejuknya udara di Kawasan air terjun Coban Rondo. Tersesat di Labirin. Makan siang disiapkan di local restaurant Mengunjungi Secret Zoo di Jatim Park 2. Pilihan bisa Drive Thru atau berjalan kaki menikmati kebun Binatang Setelah makan malam, kembali ke hotel.'),
(15, '4', 'Setelah makan pagi di hotel dan check out. Anda akan diantar ke pusat oleh – oleh khas Malang. Setelah itu dianatar ke airport atau stasiun. Tour selesai.'),
(16, '1', 'Horas!!! Setibanya di Bandara Kualanamu. Anda akan bertemu perwakilan kami di pintu exit bandara. Anda akan melanjutkan perjalanan ke Parapat. Dalam perjalanan kita akan melewati dan melihat Kebun Coklat , Karet dan Kelapa Sawit. Tiba di Kota Pematang Siantar, kita akan berhenti di Toko Oleh-oleh makanan kering yang terbuat dari Kacang. Setibanya di Danau Toba Kota Parapat. Anda dapat berfoto ria dengan Simbol Danau Toba dengan latar alami dari bebukitan hijau dan warna Biru Danau Toba. Kemudian check in hotel dan beristirahat.'),
(16, '2', 'Setelah sarapan pagi. Hari ini anda akan tour ferry umum ke Pulau Samosir, Desa Tomok. Disini Anda bisa melihat Makam Raja Sidabutar yang telah berumur seratus tahun lebih. Shopping produk lokal sepuasnya. Dengan ferry kembali ke Prapat. Melanjutkan perjalanan ke Berastagi. Dalam perjalanan kita akan berhenti di Bukit Simarjarunjung. Anda dapat melihat pemandangan Danau Toba yang menakjubkan dari sini sambil nikmati kopi atau teh rasa Jahe dan cemilan Pisang Goreng dengan biaya sendiri. Kemudian berhenti di objek wisata Air Terjun Sipiso-piso di Tongging. Tiba di Berastagi, check in hotel dan beristirahat.'),
(16, '3', 'Setelah sarapan pagi di hotel. Tour mengunjungi Fruits Central Market dan Bukit Gundaling. Disini dapat melihat pemandangan indah dua gunung dari kejauhan yaitu Gunung Sinabung dan Gunung Sibayak. Transfer ke Bandara Kualanamu untuk penerbangan kembali ke kota anda. ( saran pesawat sore atau malam )'),
(17, '1', 'Pagi dimulai dengan jemputan di Bandara Sumbawa Besar pada pukul 08.00, diikuti dengan perjalanan menuju Desa Poto Tano, Sumbawa Barat. Tiba di Desa Poto Tano sekitar pukul 10.00, Anda akan menyeberang menggunakan boat kayu menuju Pulau Paserang, tiba di sana sekitar pukul 10.30, lalu menikmati panorama alamnya dan bersnorkeling. Pukul 12.30, perjalanan dilanjutkan menuju Pulau Kenawa, tiba di sana sekitar pukul 13.00, di mana Anda akan menikmati makan siang dan kemudian menikmati panorama alam Pulau Kenawa serta bersnorkeling. Pukul 16.30, Anda akan kembali ke Pelabuhan Poto Tano untuk melanjutkan perjalanan kembali ke Kota Sumbawa Besar. Tiba di Kota Sumbawa Besar sekitar pukul 18.30, Anda akan menikmati makan malam sebelum diantarkan menuju hotel untuk beristirahat.'),
(17, '2', 'Pagi dimulai dengan jemputan di hotel pada pukul 08.00, dilanjutkan dengan perjalanan menuju Muara Kali, Sumbawa. Dari sana, pukul 08.30, Anda akan menaiki fast boat menuju Pantai Poto Jarum, Pulau Moyo, tiba sekitar pukul 09.00, di mana Anda dapat menikmati view dan snorkeling. Setelah itu, perjalanan dilanjutkan menuju Takat Sagele, tiba sekitar pukul 10.45, untuk menikmati snorkeling dan view underwaternya. Pukul 12.00, perjalanan dilanjutkan ke Desa Labuan Aji, tiba sekitar pukul 12.30, di mana Anda dapat menikmati makan siang. Selanjutnya, pukul 14.00, menuju Air Terjun Mata Jitu dan Lady Diana Pool, tiba sekitar pukul 14.30 untuk mandi dan menikmati pesona alamnya. Pukul 16.30, Anda akan kembali ke Desa Labuan Aji, dan setelah bilas-bilas dan persiapan kembali, pukul 17.00, akan kembali ke Sumbawa Besar menggunakan fast boat. Tiba sekitar pukul 18.00 di Sumbawa Besar, Anda akan diajak untuk makan malam sebelum diantar kembali ke hotel untuk beristirahat.'),
(17, '3', 'Dihari ketiga ini anda akan kami jemput menyesuaikan dengan jadwal kepulangan dan kami antarkan menuju Bandara Sultan Kaharuddin Sumbawa Besar. Program selesai.'),
(18, '1', 'Perjalanan dimulai dengan penjemputan di Bandara pada pukul 07.30, dilanjutkan dengan perjalanan menuju hutan trembesi \"De Jawatan Benculuk\" yang memukau, mirip dengan setting film The Lord of the Rings. Setelahnya, pukul 10.00, perjalanan dilanjutkan ke Agro Buah Naga, di mana pengunjung dapat berkeliling kebun dan memetik buah naga yang segar. Makan siang dan sholat dilakukan pada pukul 12.00, sebelum melanjutkan perjalanan menuju Pantai Mustika pada pukul 13.30. Di sana, pengunjung dapat menyebrang ke Pantai Wedi Ireng dengan perahu tradisional, menikmati ombak yang tenang, dan melanjutkan perjalanan ke Pantai Pulau Merah pada pukul 15.30 untuk menikmati eksotisnya sunset. Perjalanan dilanjutkan ke Nasi Tempong Mbok Har untuk makan malam pada pukul 17.30, sebelum akhirnya menuju hotel untuk check-in dan beristirahat pada pukul 20.00.'),
(18, '2', 'Pukul 08.00, perjalanan dimulai menuju Pantai Grand Watudodol, di mana pada pukul 09.00 dilakukan briefing dan persiapan penyeberangan. Pukul 09.30, perjalanan dilanjutkan dengan menyeberang ke Pulau Menjangan, di mana pengunjung dapat menikmati snorkeling dan menjelajahi pulau hingga pukul 12.30. Setelah kembali ke Pantai Grand Watudodol pada pukul 12.30, pengunjung dapat mandi dan berganti baju sebelum menikmati makan siang di warung ayam betutu Mbak Timah dari pukul 13.30 hingga 14.30. Selanjutnya, perjalanan dilanjutkan menuju Taman Nasional Baluran (TN Baluran) pada pukul 14.30, dan setelah itu, pada pukul 15.00, pengunjung akan menuju Pantai Bama untuk menikmati keindahan pantai dengan ombak yang tenang hingga pukul 15.30. Dilanjutkan dengan explore Savana Bekol dari pukul 16.00 hingga 16.15 sebelum akhirnya kembali ke hotel untuk makan malam dan beristirahat setelah check-in pada pukul 19.00.'),
(18, '3', 'Dimulai dengan meeting service di lobby hotel pada pukul 00.00, perjalanan dilanjutkan menuju Paltuding, post terakhir sebelum pendakian ke puncak Gunung Ijen, yang diawali dengan briefing pada pukul 01.30. Pendakian ke puncak Gunung Ijen dilakukan dari pukul 02.00 hingga 03.30, diikuti dengan turun ke kawah untuk mendekati api biru dari pukul 03.30 hingga 04.00, dengan sesi foto di area tersebut dari pukul 04.00 hingga 04.30. Kembali ke puncak Ijen dilakukan dari pukul 04.30 hingga 05.15 untuk menikmati keindahan Kawah Ijen, kemudian perjalanan kembali ke Paltuding dari pukul 05.15 hingga 07.30, dengan istirahat dan toilet break di Paltuding dari pukul 07.30 hingga 08.00. Perjalanan kembali ke hotel dilakukan dari pukul 08.00 hingga 09.00, di mana setelah tiba pada pukul 09.00, pengunjung dapat menikmati sarapan dan mandi sebelum proses check-out pada pukul 10.30. Dilanjutkan dengan perjalanan ke Oseng Deles pada pukul 11.00 untuk belanja oleh-oleh hingga pukul 11.15, dan makan siang di Rawon Bik Atik dari pukul 12.15 hingga 12.45. Perjalanan dilanjutkan ke Bandara Banyuwangi pada pukul 12.45, di mana trip berakhir pada pukul 12.30.');

-- --------------------------------------------------------

--
-- Table structure for table `paket_wisata`
--

CREATE TABLE `paket_wisata` (
  `id_paket` int(11) NOT NULL,
  `gambar` varchar(60) NOT NULL,
  `nama_paket` varchar(60) NOT NULL,
  `durasi` varchar(11) NOT NULL,
  `harga` bigint(20) NOT NULL,
  `deskripsi` text NOT NULL
) ENGINE=InnoDB DEFAULT CHARSET=utf8mb4 COLLATE=utf8mb4_general_ci;

--
-- Dumping data for table `paket_wisata`
--

INSERT INTO `paket_wisata` (`id_paket`, `gambar`, `nama_paket`, `durasi`, `harga`, `deskripsi`) VALUES
(1, 'labuan-bajo.jpg', 'Open Trip Labuan Bajo Komodo', '3 Hari', 2799000, 'Selamat datang di Labuan Bajo, pintu gerbang ke keajaiban alam Komodo! Sebagai trip guide Anda, saya akan memastikan bahwa perjalanan ini menjadi pengalaman yang luar biasa. Bersiaplah untuk menjelajahi ragam keindahan alam, mulai dari pantai berpasir putih yang memukau hingga puncak-puncak gunung yang menakjubkan. Di sini, Anda akan memiliki kesempatan untuk bertemu dengan komodo, hewan purba yang mengagumkan, di habitat aslinya. Selain itu, mari kita temukan kehidupan bawah laut yang spektakuler saat kita menyelam di perairan kristal yang berlimpah dengan terumbu karang yang berwarna-warni dan beragam spesies laut. Tidak hanya itu, perjalanan ini juga akan memperkaya Anda dengan pengalaman budaya lokal. Saya akan membimbing Anda untuk berinteraksi dengan masyarakat setempat, mencicipi hidangan khas Flores, dan mengeksplorasi keunikan budaya dan tradisi yang ada di pulau ini.'),
(2, 'bunaken-minahasa.jpg', 'Jelajah Bunaken Minahasa', '3 Hari', 2400000, 'Jelajah Bunaken Minahasa adalah pengalaman tak terlupakan di Surga Bawah Laut Indonesia. Terletak di wilayah Minahasa, Sulawesi Utara, destinasi ini menawarkan kombinasi sempurna antara keindahan alam bawah laut yang menakjubkan dan kekayaan budaya yang memikat. Pesona utama Jelajah Bunaken Minahasa adalah Taman Nasional Bunaken, rumah bagi lebih dari 3.000 spesies ikan dan 390 spesies karang yang memukau. Snorkeling dan diving di sini akan membawa Anda ke dunia yang penuh warna-warni, di mana Anda dapat menyaksikan terumbu karang yang mengagumkan dan bertemu dengan berbagai makhluk laut, termasuk penyu, hiu, dan barracuda. Selain kecantikan bawah lautnya, Minahasa juga menawarkan daya tarik budaya yang kaya. Anda dapat mengunjungi desa-desa tradisional yang mempertahankan warisan budaya mereka, seperti desa Tomohon yang terkenal dengan festival bunga dan pasar tradisionalnya yang ramai. Saat menjelajahi Bunaken Minahasa, Anda juga dapat menikmati kelezatan kuliner lokal, seperti seafood segar yang diolah dengan beragam rempah-rempah tradisional, serta kopi khas Sulawesi yang memanjakan lidah Anda. Dengan keindahan alamnya yang menakjubkan dan kekayaan budayanya yang mempesona, Jelajah Bunaken Minahasa akan meninggalkan kenangan abadi bagi setiap pengunjungnya.'),
(3, 'kawah-ijen.jpg', 'Gunung Ijen Tour', '2 Hari', 1550000, 'Gunung Ijen Tour adalah petualangan mendebarkan ke salah satu tempat paling menakjubkan di Indonesia. Gunung Ijen, terletak di Kawah Ijen, Jawa Timur, menawarkan pengalaman yang tak terlupakan bagi para penjelajah yang haus akan keindahan alam dan petualangan. Pesona utama Gunung Ijen adalah kawahnya yang menakjubkan, yang dikenal karena Blue Fire-nya yang mempesona. Fenomena alam ini terjadi ketika gas sulfur yang terbakar menghasilkan cahaya biru yang memancar dari kawah, menciptakan pemandangan yang benar-benar magis di malam hari. Selain Blue Fire, pemandangan matahari terbit dari puncak Gunung Ijen juga sangat menakjubkan. Selama perjalanan Gunung Ijen Tour, para petualang dapat menikmati trekking yang menantang menuju puncak gunung, melewati hutan-hutan hijau yang subur dan lembah-lembah yang indah. Begitu sampai di kawah, pengunjung akan disuguhi pemandangan yang menakjubkan dari danau kawah berwarna biru kehijauan yang terkenal, yang diapit oleh dinding-dinding kawah yang curam.Tidak hanya itu, selama perjalanan Gunung Ijen Tour, para pengunjung juga dapat bertemu dengan para penambang sulfur lokal yang bekerja keras di kawasan tersebut. Interaksi dengan mereka akan memberikan wawasan unik tentang kehidupan di daerah tersebut dan pekerjaan yang mereka lakukan. Dengan keindahan alamnya yang menakjubkan dan pengalaman petualangan yang tak terlupakan, Gunung Ijen Tour adalah destinasi yang sempurna bagi para pencari petualangan dan penikmat keindahan alam.'),
(4, 'sabang-aceh.jpg', 'Jelajah Banda Aceh Subang', '3 Hari', 2100000, 'Jelajah Banda Aceh Subang adalah petualangan yang memperkenalkan Anda pada keindahan alam dan kekayaan budaya di wilayah Aceh, Indonesia. Di sini, Anda dapat menikmati pantai-pantai yang menakjubkan dengan pasir putih yang lembut dan air biru yang jernih. Selain itu, Anda juga dapat menjelajahi warisan sejarah dan kebudayaan yang kaya, serta menikmati kuliner lokal yang lezat. Jelajah ini menawarkan pengalaman yang tak terlupakan bagi para pelancong yang mencari petualangan dan keindahan alam yang autentik. Tidak hanya itu, Jelajah Banda Aceh Subang juga memungkinkan Anda untuk menikmati kuliner khas Aceh yang lezat, seperti mie Aceh, nasi goreng Aceh, dan hidangan laut segar yang melimpah. Anda juga dapat berinteraksi dengan masyarakat lokal yang ramah dan hangat, serta menikmati kebudayaan Aceh yang kaya melalui pertunjukan seni tradisional atau festival budaya yang mungkin berlangsung saat Anda berkunjung. Dengan kombinasi antara keindahan alam yang memukau, kekayaan sejarah dan budaya yang menarik, serta keramahan masyarakatnya, Jelajah Banda Aceh Subang akan meninggalkan kesan yang tak terlupakan bagi setiap pengunjungnya.'),
(5, 'bali-honeymoon.jpg', 'Bali Honeymoon Package', '4 Hari', 10800000, 'Bali Honeymoon Package adalah pengalaman romantis yang dirancang khusus untuk pasangan yang baru menikah, menawarkan kombinasi sempurna antara keindahan alam, keromantisan, dan keramahan budaya Pulau Dewata. Dalam paket ini, pasangan dapat menikmati menginap di vila-vila mewah yang terletak di tepi pantai atau di atas tebing-tebing yang menawarkan pemandangan laut yang memukau. Setiap momen akan menjadi istimewa, mulai dari menyaksikan matahari terbenam bersama di atas pantai hingga menikmati makan malam romantis di tepi kolam renang pribadi. Selama bulan madu di Bali, pasangan dapat menjelajahi keindahan alam pulau ini, seperti pantai-pantai yang indah, sawah-sawah hijau yang mempesona, dan air terjun yang menakjubkan. Mereka juga dapat menikmati aktivitas yang menyenangkan bersama, seperti snorkeling di terumbu karang yang berwarna-warni atau mengikuti kelas memasak tradisional Bali. Selain itu, Bali juga menawarkan pengalaman spiritual yang mendalam melalui kunjungan ke kuil-kuil kuno dan upacara keagamaan yang mengagumkan. Pasangan dapat menemukan kedamaian dan ketenangan di tengah keindahan alam dan kearifan budaya Bali yang khas.  Dengan pemandangan yang memukau, keromantisan yang tak tertandingi, dan keramahan budaya yang hangat, Paket Bulan Madu Bali adalah pilihan yang sempurna untuk memulai perjalanan hidup bersama dengan kenangan yang tak terlupakan.'),
(6, 'bromo.jpg', 'Bromo Tour', '3 Hari', 2550000, 'Bromo Museum Angkut Tour adalah pengalaman yang menggabungkan keajaiban alam Gunung Bromo dengan keunikan dan keindahan Museum Angkut di Kota Batu, Jawa Timur, Indonesia. Perjalanan dimulai dengan menjelajahi pesona alam Gunung Bromo, salah satu gunung berapi paling ikonik di Indonesia. Pengunjung akan diajak menyaksikan matahari terbit yang spektakuler di atas kawah Bromo, menikmati panorama padang pasir yang luas, dan merasakan keanggunan Gunung Batok yang menjulang di sekitarnya. Suasana magis dan keindahan alam yang memukau akan membuat setiap momen di Bromo tak terlupakan. Selanjutnya, perjalanan dilanjutkan ke Museum Angkut, sebuah destinasi wisata interaktif yang menawarkan pengalaman unik tentang sejarah transportasi di Indonesia. Di sini, pengunjung akan diajak dalam perjalanan melintasi berbagai era transportasi, mulai dari kereta kuda tradisional hingga kendaraan modern seperti mobil dan pesawat terbang. Museum ini tidak hanya menampilkan koleksi yang mengesankan, tetapi juga menawarkan atraksi menarik seperti pameran miniatur dan pertunjukan multimedia yang menarik. Selama tur Bromo Museum Angkut, pengunjung juga akan memiliki kesempatan untuk menikmati kuliner lokal yang lezat di sepanjang perjalanan, serta berinteraksi dengan masyarakat lokal yang ramah dan hangat. Dengan gabungan antara keindahan alam yang memukau di Gunung Bromo dan pengalaman menarik di Museum Angkut, tur ini akan memberikan kenangan tak terlupakan bagi setiap pengunjungnya, menggabungkan pesona alam dan kebudayaan dalam satu pengalaman yang menyenangkan.'),
(7, 'borobudur.jpg', 'Jogja Borobudur Tour', '2 Hari', 1200000, 'Jogja Borobudur Tour adalah perjalanan yang menggabungkan pesona budaya dan sejarah kota Yogyakarta dengan keajaiban arsitektur Candi Borobudur, sebuah situs warisan dunia UNESCO yang megah. Perjalanan dimulai di Yogyakarta, pusat kebudayaan Jawa yang kaya. Di sini, para pengunjung dapat menjelajahi istana keraton tradisional yang elegan, menikmati pertunjukan seni tradisional seperti wayang kulit, serta berbelanja di pasar-pasar tradisional yang ramai. Mereka juga dapat mencicipi kuliner lokal yang lezat, seperti gudeg dan bakpia, yang merupakan hidangan khas dari daerah ini. Selanjutnya, perjalanan dilanjutkan ke Candi Borobudur, sebuah monumen Buddha yang megah yang merupakan salah satu keajaiban dunia. Pengunjung akan diajak untuk menjelajahi kompleks candi yang mengagumkan, yang terdiri dari ribuan relief yang indah yang menceritakan kisah-kisah Buddha, serta stupa-stupa yang menjulang tinggi. Mereka juga dapat menikmati pemandangan spektakuler dari puncak candi, terutama saat matahari terbit atau terbenam. Selama tur Jogja Borobudur, pengunjung juga akan memiliki kesempatan untuk mengunjungi tempat-tempat bersejarah lainnya di sekitar Yogyakarta, seperti Candi Prambanan yang megah, kompleks candi Hindu yang juga merupakan situs warisan dunia UNESCO. Dengan gabungan antara kekayaan budaya dan sejarah Yogyakarta dengan keindahan arsitektur Candi Borobudur, tur ini akan memberikan pengalaman yang mendalam dan tak terlupakan bagi setiap pengunjungnya, menggabungkan pesona spiritual dan keindahan alam dalam satu paket yang luar biasa.'),
(8, 'batam-bintan.jpg', 'Jelajah Batam Bintan', '3 Hari', 4400000, 'Jelajah Batam Bintan adalah petualangan menakjubkan di dua pulau terkenal di Indonesia, yang menawarkan kombinasi sempurna antara liburan tropis, kegiatan rekreasi, dan eksplorasi budaya. Perjalanan dimulai di Batam, pulau yang terkenal dengan resor mewah, lapangan golf yang menakjubkan, dan pusat perbelanjaan modern. Pengunjung dapat menikmati matahari terbenam di pantai-pantai indah seperti Pantai Nongsa atau Pantai Viovio, atau berpetualang dengan berbagai aktivitas air seperti snorkeling, diving, atau menyewa perahu untuk menjelajahi pulau-pulau kecil di sekitar Batam. Selanjutnya, perjalanan dilanjutkan ke Bintan, pulau yang terkenal dengan resor mewahnya, pantai pasir putihnya, dan keindahan alamnya yang mempesona. Di sini, pengunjung dapat menikmati kegiatan rekreasi yang beragam, mulai dari berjemur di tepi kolam renang, bermain golf di lapangan golf yang terkenal, atau menghabiskan waktu di spa yang menenangkan. Mereka juga dapat menjelajahi keindahan alam Bintan dengan bersepeda, trekking, atau menyewa mobil untuk menjelajahi pulau ini. Selama perjalanan Jelajah Batam Bintan, pengunjung juga dapat menikmati kuliner lokal yang lezat, seperti hidangan laut segar, masakan Melayu tradisional, atau makanan internasional yang lezat. Mereka juga dapat membeli oleh-oleh khas Batam dan Bintan, seperti produk-produk kerajinan tangan lokal atau perhiasan berlian. Dengan gabungan antara keindahan alam, kegiatan rekreasi yang menarik, dan kehidupan budaya yang beragam, Jelajah Batam Bintan adalah destinasi liburan yang sempurna bagi para pelancong yang mencari pengalaman yang unik dan tak terlupakan di Indonesia.'),
(9, 'tumpak-sewu.jpg', 'Tour Air Terjun Tumpak Sewu', '1 Hari', 600000, 'Tour Air Terjun Tumpak Sewu adalah petualangan menakjubkan di alam Jawa Timur yang memukau dengan pesona alamnya yang megah. Terletak di Kabupaten Lumajang, Tumpak Sewu merupakan salah satu air terjun terbesar dan paling spektakuler di Indonesia. Perjalanan dimulai dengan menjelajahi keindahan alam Jawa Timur saat melewati perbukitan dan lembah yang hijau. Setelah tiba di kawasan air terjun, pengunjung akan disuguhi pemandangan yang menakjubkan dari Tumpak Sewu yang mempesona, yang memiliki ketinggian sekitar 120 meter dengan air yang mengalir deras ke sungai di bawahnya. Selain itu, ada juga beberapa air terjun kecil yang menambah pesona alami kawasan ini. Para pengunjung dapat menikmati petualangan yang mengasyikkan dengan berjalan kaki melalui jalur terjal dan menyusuri sungai untuk mencapai spot terbaik untuk menyaksikan keindahan Air Terjun Tumpak Sewu. Di sepanjang perjalanan, mereka akan disuguhi panorama alam yang menakjubkan, termasuk vegetasi hijau yang lebat dan tebing-tebing curam yang memukau. Selain menikmati keindahan alamnya, pengunjung juga dapat berenang atau berfoto di kolam air terjun, menciptakan kenangan tak terlupakan. Di sekitar kawasan air terjun, terdapat warung-warung kecil yang menjual makanan dan minuman ringan, sehingga pengunjung dapat bersantai sambil menikmati suasana alam yang tenang. Dengan keindahan alamnya yang memukau dan pengalaman petualangan yang mengasyikkan, Tour Air Terjun Tumpak Sewu adalah destinasi yang sempurna bagi para pencinta alam dan petualang yang mencari pengalaman yang berbeda dan mendalam di Indonesia.'),
(10, 'jatimpark.jpg', 'Tour Jatim Park 1', '1 Hari', 300000, 'Tour ke Jatim Park 1 adalah pengalaman seru dan edukatif di salah satu tempat wisata terpopuler di Jawa Timur, Indonesia. Terletak di Kota Batu, Jatim Park 1 menawarkan kombinasi yang sempurna antara hiburan, pendidikan, dan kegiatan rekreasi untuk seluruh keluarga. Perjalanan dimulai dengan menjelajahi Taman Dino, di mana pengunjung akan dibawa kembali ke masa prasejarah dengan replika dinosaurus yang hidup dan realistis. Dengan menyajikan pameran interaktif dan informasi yang mendidik, pengunjung dapat belajar lebih banyak tentang sejarah dinosaurus dan evolusi kehidupan di Bumi. Selanjutnya, pengunjung dapat menjelajahi Museum Satwa, di mana mereka dapat melihat berbagai jenis satwa, termasuk hewan langka dan unik, serta belajar tentang keanekaragaman hayati Indonesia. Dengan menampilkan koleksi yang impresif dan beragam, museum ini memberikan pengalaman edukatif yang menarik bagi pengunjung dari segala usia. Bagi pengunjung yang menyukai petualangan, Taman Legenda adalah tempat yang sempurna untuk dikunjungi. Di sini, mereka dapat menikmati wahana permainan yang menyenangkan dan menantang, seperti roller coaster dan wahana air, serta menikmati pertunjukan panggung dan atraksi lainnya. Selama perjalanan ke Jatim Park 1, pengunjung juga dapat menikmati fasilitas rekreasi lainnya, seperti area permainan anak-anak, pusat kuliner, dan toko suvenir. Dengan menawarkan hiburan yang menyenangkan dan pendidikan yang bermanfaat, Jatim Park 1 adalah destinasi yang sempurna untuk dikunjungi bersama keluarga dan teman-teman.'),
(11, 'natuna.jpg', 'Natuna Tour', '4 Hari', 5400000, 'Natuna Tour adalah perjalanan yang membawa Anda ke destinasi eksotis di Kepulauan Natuna, Indonesia. Terletak di sebelah utara Pulau Borneo, Natuna menawarkan keindahan alam yang luar biasa, kekayaan budaya yang menarik, dan pengalaman petualangan yang tak terlupakan. Perjalanan dimulai dengan menjelajahi keindahan alam laut Natuna, yang terkenal dengan keanekaragaman hayati bawah lautnya yang menakjubkan. Pengunjung dapat menikmati snorkeling atau diving di terumbu karang yang indah, yang dihuni oleh berbagai spesies ikan tropis, terumbu karang yang warna-warni, dan biota laut lainnya yang menakjubkan. Selain kecantikan bawah lautnya, Natuna juga menawarkan pesona alam darat yang memukau. Pengunjung dapat menjelajahi hutan-hutan lebat yang melindungi berbagai jenis flora dan fauna endemik, serta menikmati pemandangan spektakuler dari bukit-bukit dan pantai-pantai yang tersembunyi. Selama perjalanan Natuna Tour, pengunjung juga dapat berinteraksi dengan masyarakat lokal yang ramah dan hangat, serta menikmati kuliner khas Natuna yang lezat, seperti hidangan laut segar dan masakan tradisional Indonesia. Mereka juga dapat mengunjungi desa-desa tradisional dan mengenal budaya lokal yang kaya dan beragam. Dengan kombinasi antara keindahan alam yang mempesona, kegiatan petualangan yang mendebarkan, dan kekayaan budaya yang menarik, Natuna Tour adalah destinasi yang sempurna bagi para pencinta alam dan petualang yang mencari pengalaman yang berbeda dan tak terlupakan di Indonesia.'),
(12, 'dufan.jpg', 'Trip Dufan', '1 Hari', 500000, 'Trip ke Dufan adalah perjalanan seru ke Dunia Fantasi, taman hiburan terbesar dan terpopuler di Indonesia, yang terletak di kawasan Ancol, Jakarta Utara. Ini adalah destinasi yang sempurna untuk keluarga, teman, atau bahkan pasangan yang mencari hiburan dan kesenangan. Perjalanan dimulai dengan kedatangan di pintu masuk Dufan, di mana pengunjung akan disambut dengan suasana ceria dan penuh warna dari berbagai wahana dan atraksi yang menunggu untuk dinikmati. Dengan lebih dari 40 wahana yang menawarkan berbagai tingkat kecepatan dan sensasi, ada sesuatu untuk setiap orang di Dufan. Para pengunjung dapat memilih untuk menaiki wahana adrenalin yang mendebarkan seperti Halilintar atau Kicir-Kicir yang membuat jantung berdegup kencang, atau menikmati perjalanan yang lebih santai seperti bianglala atau perahu kora-kora. Selain itu, Dufan juga menawarkan berbagai wahana air yang menyenangkan, area permainan anak-anak, serta pertunjukan panggung dan atraksi lainnya yang menarik. Selama perjalanan ke Dufan, pengunjung juga dapat menikmati berbagai makanan dan minuman lezat di berbagai kios dan restoran yang tersebar di seluruh taman. Dari makanan cepat saji hingga hidangan khas Indonesia, ada banyak pilihan untuk memuaskan selera. Dengan atmosfer yang riang dan bersemangat, serta berbagai wahana dan hiburan yang menarik, trip ke Dufan adalah pengalaman yang menyenangkan dan berkesan bagi setiap pengunjungnya, menjadikannya destinasi wisata yang populer di Indonesia.'),
(13, 'rinjani.jpg', 'Rinjani Trip', '3 Hari', 4999000, 'Perjalanan ke Gunung Rinjani adalah petualangan luar biasa di salah satu gunung berapi tertinggi dan paling ikonik di Indonesia. Terletak di Pulau Lombok, Rinjani menawarkan pengalaman mendaki yang menantang dan pemandangan alam yang spektakuler yang membuat siapapun terpesona. Perjalanan dimulai dengan trekking melalui hutan tropis yang lebat dan daerah pegunungan yang menakjubkan. Para pendaki akan melewati jalan-jalan berbatu, sungai kecil yang mengalir, dan persawahan yang hijau sebelum mencapai ketinggian yang lebih tinggi. Selama pendakian, pengunjung akan disuguhi pemandangan yang menakjubkan dari alam sekitar, termasuk panorama Lautan Hindia yang luas, pulau-pulau kecil yang tersebar di sekitarnya, serta Gunung Rinjani yang megah dengan kawahnya yang berisi danau Segara Anak yang mempesona. Puncak perjalanan adalah mencapai puncak Gunung Rinjani, di mana pengunjung akan disuguhi pemandangan matahari terbit atau terbenam yang spektakuler, serta panorama puncak-puncak gunung yang menjulang di sekitarnya. Moment ini merupakan hadiah yang luar biasa setelah melewati perjalanan yang menantang. Selama perjalanan ke Rinjani, para pendaki juga akan memiliki kesempatan untuk berinteraksi dengan penduduk lokal Sasak yang ramah, serta menikmati kuliner khas Lombok yang lezat, seperti nasi bungkus, ayam taliwang, atau bakso laut. Dengan kombinasi antara keindahan alam yang memukau, petualangan mendaki yang menantang, dan kehangatan budaya lokal, perjalanan ke Gunung Rinjani akan meninggalkan kenangan tak terlupakan bagi setiap pengunjungnya, menjadikannya salah satu destinasi paling istimewa di Indonesia.'),
(14, 'belitung.jpg', 'Jelajah Belitung', '3 Hari', 2000000, 'Jelajah Belitung adalah perjalanan yang membawa Anda ke destinasi eksotis di Indonesia yang kaya akan keindahan alam dan warisan budaya yang mempesona. Terletak di lepas pantai timur Sumatera, Belitung menawarkan pesona alam yang menakjubkan, pantai-pantai berpasir putih yang menawan, serta batuan granit yang unik.  Perjalanan dimulai dengan menjelajahi keindahan pantai Belitung, yang terkenal dengan pasir putihnya yang halus dan air laut yang jernih. Pengunjung dapat menikmati kegiatan renang, snorkeling, atau sekadar bersantai di tepi pantai sambil menikmati panorama laut yang memukau.  Selanjutnya, perjalanan dilanjutkan ke destinasi alam lainnya, seperti Pulau Lengkuas yang terkenal dengan mercusuar tua yang ikonik dan pemandangan laut yang mempesona dari atas bukit batu granitnya. Pengunjung juga dapat menjelajahi Pulau Burung dengan hutan mangrove yang lebat dan keanekaragaman hayati yang melimpah.  Selama perjalanan Jelajah Belitung, pengunjung juga akan memiliki kesempatan untuk menikmati kuliner lokal yang lezat, seperti hidangan laut segar, mi Belitung, dan kue tradisional khas daerah tersebut. Mereka juga dapat mengunjungi desa-desa nelayan yang pittoresque dan berinteraksi dengan masyarakat lokal yang ramah dan hangat.  Dengan keindahan alamnya yang memukau, kekayaan budayanya yang menarik, dan keramahan penduduknya, Jelajah Belitung adalah pengalaman yang tak terlupakan bagi setiap pengunjungnya, menjadikannya destinasi liburan yang sempurna untuk menikmati keindahan alam Indonesia yang autentik.'),
(15, 'malang-batu.jpg', 'Malang Batu Tour', '4 Hari', 4050000, 'Malang Batu Tour adalah perjalanan yang mengajak Anda menjelajahi pesona alam dan keindahan kota Malang serta Kota Batu, dua destinasi yang terkenal dengan kekayaan alam, kebudayaan, dan rekreasi di Jawa Timur, Indonesia. Perjalanan dimulai di Kota Malang, yang menawarkan pesona kota bersejarah dengan arsitektur kolonial Belanda yang indah, serta udara sejuk pegunungan yang menyegarkan. Di sini, Anda dapat mengunjungi tempat-tempat bersejarah seperti Jalan Ijen, yang dipenuhi dengan bangunan tua yang megah, serta Alun-Alun Kota Malang yang ramai. Selanjutnya, perjalanan dilanjutkan ke Kota Batu, yang terkenal dengan keindahan alamnya yang memukau dan berbagai wahana rekreasi yang menyenangkan. Pengunjung dapat mengunjungi Jatim Park 1, sebuah taman hiburan yang menawarkan berbagai wahana permainan dan atraksi menarik, serta Museum Satwa yang menampilkan berbagai jenis hewan langka dan unik. Selama perjalanan Malang Batu Tour, pengunjung juga dapat menjelajahi keindahan alam sekitar, seperti Gunung Bromo, Air Terjun Coban Rondo, dan Pantai Balekambang, yang menawarkan pemandangan alam yang spektakuler dan suasana yang tenang. Tidak hanya itu, perjalanan ini juga memungkinkan Anda untuk menikmati kuliner lokal yang lezat, seperti Bakso Malang, Nasi Pecel, atau Rujak Cingur, serta berbelanja oleh-oleh khas daerah seperti oleh-oleh khas apel atau produk kerajinan tangan lokal. Dengan kombinasi antara keindahan alam, kekayaan budaya, dan rekreasi yang menyenangkan, Malang Batu Tour adalah pilihan yang sempurna bagi para pencari petualangan dan keindahan alam yang autentik di Jawa Timur, Indonesia.'),
(16, 'danau-toba.jpg', 'Medan Lake Toba Tour', '3 Hari', 4000000, 'Medan Lake Toba Tour adalah petualangan yang mengajak Anda menikmati keindahan alam dan kekayaan budaya di Sumatera Utara, Indonesia. Dengan fokus utama pada Danau Toba, salah satu danau terbesar di dunia yang terbentuk dari letusan gunung berapi purba, tur ini menjanjikan pengalaman yang memikat dan tak terlupakan. Perjalanan dimulai dari Kota Medan, ibu kota Sumatera Utara, yang memukau dengan arsitektur bersejarahnya dan kehidupan kota yang dinamis. Di sini, Anda dapat mengunjungi tempat-tempat bersejarah seperti Istana Maimun, Masjid Raya, dan pasar tradisional untuk merasakan kehidupan sehari-hari masyarakat lokal. Selanjutnya, perjalanan dilanjutkan ke Danau Toba, sebuah destinasi alam yang menakjubkan dengan pemandangan yang memukau. Pengunjung dapat menikmati pemandangan panorama danau yang luas dari Bukit Holbung atau Bukit Indah, serta berkunjung ke Pulau Samosir di tengah danau untuk menjelajahi desa-desa tradisional Batak, melihat-lihat kerajinan tangan lokal, dan menikmati keindahan alam yang mempesona. Selama perjalanan Medan Lake Toba Tour, Anda juga akan disuguhi kelezatan kuliner lokal seperti masakan Batak yang khas, seperti saksang, naniura, dan ulukutek, serta dapat berinteraksi dengan masyarakat lokal yang ramah dan hangat. Dengan keindahan alamnya yang memukau, kekayaan budayanya yang menarik, dan keramahan penduduknya, Medan Lake Toba Tour adalah pengalaman yang tak terlupakan bagi setiap pengunjungnya, menjadikannya destinasi liburan yang sempurna untuk menikmati keindahan alam dan budaya Indonesia yang autentik.'),
(17, 'sumbawa.jpg', 'Tour Sumbawa', '3 Hari', 2000000, 'Tour Sumbawa adalah petualangan yang membawa Anda ke salah satu surga tersembunyi di Indonesia, di Pulau Sumbawa. Terletak di antara Pulau Lombok dan Pulau Flores, Sumbawa menawarkan keindahan alam yang belum terjamah, pantai-pantai yang indah, serta kebudayaan yang kaya dan autentik. Perjalanan dimulai dengan menjelajahi pantai-pantai yang menakjubkan di sepanjang pesisir Sumbawa. Pengunjung dapat menikmati pesona pantai berpasir putih yang luas, air laut yang jernih, dan terumbu karang yang indah untuk snorkeling atau diving. Salah satu pantai yang terkenal adalah Pantai Lakey, yang menawarkan ombak yang sempurna untuk berselancar bagi para penggemar olahraga air. Selanjutnya, perjalanan dilanjutkan ke pedalaman pulau, di mana pengunjung dapat menikmati keindahan alam yang menakjubkan seperti Gunung Rinjani yang megah, air terjun yang spektakuler, dan hutan-hutan hijau yang lebat. Mereka juga dapat berinteraksi dengan masyarakat lokal yang ramah dan hangat, serta belajar tentang kebudayaan dan tradisi Sumbawa yang kaya. Selama perjalanan Tour Sumbawa, pengunjung juga akan memiliki kesempatan untuk menikmati kuliner lokal yang lezat, seperti ayam taliwang, sate rembiga, atau nasi jagung, serta membeli oleh-oleh khas Sumbawa seperti tenun ikat atau kerajinan tangan lainnya. Dengan keindahan alamnya yang mempesona, kekayaan budayanya yang menarik, dan keramahan penduduknya, Tour Sumbawa adalah destinasi liburan yang sempurna bagi para pencari petualangan dan keindahan alam yang autentik di Indonesia.'),
(18, 'banyuwangi.jpg', 'Trip Banyuwangi', '3 Hari', 2158000, 'Trip Banyuwangi adalah petualangan yang membawa Anda ke salah satu destinasi tersembunyi di ujung timur Pulau Jawa, Indonesia. Terkenal dengan keindahan alamnya yang menakjubkan, kekayaan budayanya, serta berbagai atraksi wisata yang menarik, Banyuwangi menawarkan pengalaman yang memikat bagi setiap pengunjungnya. Dengan kombinasi antara keindahan alam yang mempesona, kekayaan budaya yang menarik, dan keramahan penduduknya, Trip Banyuwangi adalah destinasi liburan yang sempurna bagi para pencari petualangan dan keindahan alam yang autentik di Indonesia.');

-- --------------------------------------------------------

--
-- Table structure for table `user`
--

CREATE TABLE `user` (
  `email` varchar(60) NOT NULL,
  `nama` varchar(60) NOT NULL,
  `telp` varchar(20) NOT NULL,
  `alamat` text NOT NULL
) ENGINE=InnoDB DEFAULT CHARSET=utf8mb4 COLLATE=utf8mb4_general_ci;

--
-- Dumping data for table `user`
--

INSERT INTO `user` (`email`, `nama`, `telp`, `alamat`) VALUES
('agus@gmail.com', 'agus', '085663738929', 'Malang'),
('hafiz@gmail.com', 'Hafiz', '08578384389', 'Tulungagung'),
('hafizkhoiru@gmail.com', 'hafizk', '08647634767', 'Tulungagung'),
('ilyasa@gmail.com', 'Ilyasa', '086527838902', 'Tulungagung');

--
-- Indexes for dumped tables
--

--
-- Indexes for table `admin`
--
ALTER TABLE `admin`
  ADD PRIMARY KEY (`username`);

--
-- Indexes for table `book_form`
--
ALTER TABLE `book_form`
  ADD PRIMARY KEY (`id_book`);

--
-- Indexes for table `contact`
--
ALTER TABLE `contact`
  ADD PRIMARY KEY (`id_pesan`);

--
-- Indexes for table `paket_wisata`
--
ALTER TABLE `paket_wisata`
  ADD PRIMARY KEY (`id_paket`);

--
-- Indexes for table `user`
--
ALTER TABLE `user`
  ADD PRIMARY KEY (`email`);

--
-- AUTO_INCREMENT for dumped tables
--

--
-- AUTO_INCREMENT for table `book_form`
--
ALTER TABLE `book_form`
  MODIFY `id_book` int(11) NOT NULL AUTO_INCREMENT, AUTO_INCREMENT=3;

--
-- AUTO_INCREMENT for table `contact`
--
ALTER TABLE `contact`
  MODIFY `id_pesan` int(11) NOT NULL AUTO_INCREMENT, AUTO_INCREMENT=2;

--
-- AUTO_INCREMENT for table `paket_wisata`
--
ALTER TABLE `paket_wisata`
  MODIFY `id_paket` int(11) NOT NULL AUTO_INCREMENT, AUTO_INCREMENT=19;
COMMIT;

/*!40101 SET CHARACTER_SET_CLIENT=@OLD_CHARACTER_SET_CLIENT */;
/*!40101 SET CHARACTER_SET_RESULTS=@OLD_CHARACTER_SET_RESULTS */;
/*!40101 SET COLLATION_CONNECTION=@OLD_COLLATION_CONNECTION */;
